-- MySQL dump 10.13  Distrib 8.0.21, for osx10.15 (x86_64)
--
-- Host: 127.0.0.1    Database: symreact
-- ------------------------------------------------------
-- Server version	5.7.31

/*!40101 SET @OLD_CHARACTER_SET_CLIENT=@@CHARACTER_SET_CLIENT */;
/*!40101 SET @OLD_CHARACTER_SET_RESULTS=@@CHARACTER_SET_RESULTS */;
/*!40101 SET @OLD_COLLATION_CONNECTION=@@COLLATION_CONNECTION */;
/*!50503 SET NAMES utf8mb4 */;
/*!40103 SET @OLD_TIME_ZONE=@@TIME_ZONE */;
/*!40103 SET TIME_ZONE='+00:00' */;
/*!40014 SET @OLD_UNIQUE_CHECKS=@@UNIQUE_CHECKS, UNIQUE_CHECKS=0 */;
/*!40014 SET @OLD_FOREIGN_KEY_CHECKS=@@FOREIGN_KEY_CHECKS, FOREIGN_KEY_CHECKS=0 */;
/*!40101 SET @OLD_SQL_MODE=@@SQL_MODE, SQL_MODE='NO_AUTO_VALUE_ON_ZERO' */;
/*!40111 SET @OLD_SQL_NOTES=@@SQL_NOTES, SQL_NOTES=0 */;

--
-- Table structure for table `customer`
--

DROP TABLE IF EXISTS `customer`;
/*!40101 SET @saved_cs_client     = @@character_set_client */;
/*!50503 SET character_set_client = utf8mb4 */;
CREATE TABLE `customer` (
  `id` int(11) NOT NULL AUTO_INCREMENT,
  `first_name` varchar(255) COLLATE utf8mb4_unicode_ci NOT NULL,
  `last_name` varchar(255) COLLATE utf8mb4_unicode_ci NOT NULL,
  `email` varchar(255) COLLATE utf8mb4_unicode_ci NOT NULL,
  `company` varchar(255) COLLATE utf8mb4_unicode_ci DEFAULT NULL,
  `user_id` int(11) DEFAULT NULL,
  PRIMARY KEY (`id`),
  KEY `IDX_81398E09A76ED395` (`user_id`),
  CONSTRAINT `FK_81398E09A76ED395` FOREIGN KEY (`user_id`) REFERENCES `user` (`id`)
) ENGINE=InnoDB AUTO_INCREMENT=527 DEFAULT CHARSET=utf8mb4 COLLATE=utf8mb4_unicode_ci;
/*!40101 SET character_set_client = @saved_cs_client */;

--
-- Dumping data for table `customer`
--

LOCK TABLES `customer` WRITE;
/*!40000 ALTER TABLE `customer` DISABLE KEYS */;
INSERT INTO `customer` VALUES (385,'Everett','Herman','maya.crooks@hotmail.com','Hoppe-Keebler',31),(386,'Junius','Cremin','ppfeffer@yahoo.com','Robel-Dare',31),(387,'Eliezer','O\'Conner','jayden.wilkinson@yahoo.com','Jacobi PLC',31),(388,'Charlotte','Bartell','hstoltenberg@heidenreich.com','Abshire-Funk',31),(389,'Elinor','Mills','louie17@hotmail.com','Stoltenberg, Metz and Purdy',31),(390,'Mathilde','Walsh','earline.upton@yahoo.com','Stark-Stracke',31),(391,'Shakira','Kub','winfield.bradtke@lowe.com','Hackett-Kunde',31),(392,'Name','Mraz','nora69@vonrueden.biz','DuBuque Inc',31),(393,'Kayleigh','Corwin','melyssa66@yahoo.com','Mante-Barrows',31),(394,'Bennett','Crist','garnett21@johns.com','Fisher, Douglas and Huels',31),(395,'Joany','Conn','liam.okon@hotmail.com','Witting Inc',31),(396,'Helena','Langosh','ashtyn.thompson@little.net','Goyette-Wilkinson',31),(397,'Margarete','Olson','dietrich.deanna@yahoo.com','Kuhic, Jacobs and Sporer',32),(398,'Beryl','Shanahan','jamel37@waters.net','Brown Ltd',32),(399,'Carmen','Schmeler','haag.nyah@gmail.com','Fahey-Weber',32),(400,'Kennith','Boehm','hkoch@bruen.com','Sipes-Goyette',32),(401,'Ron','Hand','yritchie@yahoo.com','Bashirian-Weber',32),(402,'Katheryn','Sawayn','bechtelar.shirley@hotmail.com','Armstrong LLC',32),(403,'Emma','Howell','bennett12@gmail.com','Romaguera, Paucek and Kautzer',32),(404,'Madisyn','Lubowitz','lhessel@hotmail.com','Green LLC',32),(405,'Ephraim','Abshire','plueilwitz@hill.com','Barrows LLC',32),(406,'Frieda','Schuster','clyde65@hotmail.com','Mosciski, Stamm and Nolan',32),(407,'Kirsten','Veum','feil.kurtis@yahoo.com','Lakin, Koelpin and Cruickshank',33),(408,'Columbus','Gutmann','bartoletti.zoey@marks.com','Jaskolski-Lehner',33),(409,'Johan','Rogahn','ayla.mohr@zboncak.com','Shanahan-Veum',33),(410,'Clementina','Gulgowski','mhartmann@gmail.com','Purdy and Sons',33),(411,'Morton','Reinger','silas.emard@cruickshank.com','Batz, Corkery and Weimann',33),(412,'Ernest','Shields','albin73@dubuque.com','D\'Amore-Tillman',33),(413,'Ilene','Satterfield','bell48@bauch.info','Buckridge, Sipes and Walter',33),(414,'Jerald','Stroman','umorissette@hotmail.com','Hodkiewicz, O\'Connell and Braun',33),(415,'Martine','Rippin','yost.dorian@hotmail.com','Wyman-Welch',33),(416,'Guy','Harris','phomenick@yahoo.com','Gorczany, Emard and Walter',33),(417,'Cynthia','Baumbach','yhomenick@hodkiewicz.com','Schowalter, Bashirian and O\'Reilly',33),(418,'Albertha','Dicki','white.taylor@gmail.com','Denesik, Botsford and Cartwright',34),(419,'Nellie','Mills','shanahan.tia@yahoo.com','Wilkinson LLC',34),(420,'Napoleon','VonRueden','kassulke.marquis@yahoo.com','Nikolaus, Ruecker and Fisher',34),(421,'Candido','Ebert','tsenger@jakubowski.biz','Gerhold, Homenick and Swaniawski',34),(422,'Malachi','Fritsch','leda36@yahoo.com','Fay and Sons',34),(423,'Vladimir','Stanton','svolkman@gmail.com','Spencer, Hermiston and Jakubowski',34),(424,'Tyree','Daniel','hermina82@yahoo.com','Pollich Inc',34),(425,'Gabriella','Goldner','irving73@gmail.com','Koepp Inc',35),(426,'Clarabelle','Gislason','collins.alexys@bogan.com','Kihn, Osinski and Lind',35),(427,'Orval','Moen','zack90@yahoo.com','Weber Group',35),(428,'Shayna','Hermann','sidney.towne@rath.com','Renner Inc',35),(429,'Raheem','Maggio','douglas.walter@quitzon.com','Schumm-Emard',35),(430,'Helen','Metz','kfeil@barrows.com','Huel and Sons',35),(431,'Agustin','Howell','ptillman@gmail.com','Cruickshank, Pouros and Schmitt',35),(432,'Stewart','Schaden','holson@gmail.com','Fay, Padberg and McKenzie',35),(433,'Leslie','Frami','tad86@gerlach.biz','Haag, Rutherford and Moore',35),(434,'Destiny','Ullrich','garry.wilkinson@hotmail.com','Robel, Beer and Schuster',35),(435,'Nash','Kunze','qbaumbach@yahoo.com','Doyle-Armstrongg',36),(436,'Melany','Bogand','luna.blick@walsh.info','Gleason LLC',36),(437,'Harrison','Schuppee','joana.mcdermott@hotmail.com','Kirlin-Veum',36),(438,'Mona','Kshlerin','jhansen@yahoo.com','Greenfelder-Thompson',36),(439,'Frederic','McCullough','elisha38@west.com','Walsh, Mraz and Weber',36),(440,'Darren','Hamill','dina55@gmail.com','Pollich Ltd',36),(441,'Norval','Mohr','abraham.rowe@wolf.com','Christiansen-Crist',36),(442,'Tressa','Abshire','odell.wiza@kulas.org','Kuhlman, Larkin and Hills',36),(443,'Madyson','Lowe','ryan.else@wisoky.com','Streich-Schinner',37),(444,'Hollis','Wisoky','hartmann.karen@hotmail.com','Wiegand Inc',37),(445,'Daija','Ondricka','terence.rolfson@rippin.com','Denesik, Strosin and Beahan',37),(446,'Armand','Donnelly','danielle77@hotmail.com','Reilly-Carroll',37),(447,'Abel','Heidenreich','austin56@hotmail.com','Schulist LLC',37),(448,'Briana','McGlynn','qmcdermott@gmail.com','Breitenberg, Schmitt and Howell',37),(449,'Euna','Lueilwitz','zschamberger@gmail.com','Cormier-Leuschke',38),(450,'Zoey','Braun','zechariah83@davis.com','Monahan, Schneider and Swift',38),(451,'Mustafa','Legros','wwuckert@yahoo.com','Kirlin, Cummerata and Hauck',38),(452,'Wallace','Klocko','vivianne21@mitchell.net','Keeling and Sons',38),(453,'Margie','Effertz','francisca.ratke@yahoo.com','Veum, Legros and Kuvalis',38),(454,'Zoe','Johnston','lottie30@muller.com','Collins, Bernhard and Berge',38),(455,'Lera','Predovic','kuphal.rosetta@homenick.com','Reynolds-Steuber',38),(456,'Vita','Koepp','senger.icie@gmail.com','Hill, Reichel and Hermann',38),(457,'Abbigail','Powlowski','franecki.emile@lubowitz.com','Mills and Sons',39),(458,'Ola','Murphy','tweissnat@douglas.org','Parker LLC',39),(459,'Felipe','Keebler','zelma36@beier.com','McKenzie Ltd',39),(460,'Dylan','Marks','dallas.oconner@gorczany.com','Halvorson-Olson',39),(461,'Amya','Cassin','zjakubowski@gmail.com','Hirthe Inc',39),(462,'Demetris','Tromp','bonita61@gmail.com','Corwin Inc',39),(463,'Jocelyn','Witting','ruth13@grady.com','Mertz, Lemke and Grant',39),(464,'Gonzalo','Hettinger','abby.conn@upton.net','Wunsch-Wolff',39),(465,'Nelda','Swift','mosciski.cheyanne@lowe.net','Feest LLC',39),(466,'Jerrold','Gutmann','arnulfo.douglas@kuphal.com','Crist Ltd',40),(467,'Berry','Mante','fbeatty@huels.com','Larkin-Grimes',40),(468,'Gonzalo','Bergnaum','kohler.marianne@bergstrom.com','Boyle, Denesik and Hauck',40),(469,'Geovanny','Funk','leannon.lauryn@mclaughlin.info','O\'Connell Inc',40),(470,'Brannon','Powlowski','madge.lang@gmail.com','Simonis-Mitchell',40),(471,'Erik','Gottlieb','gabriel43@vonrueden.net','Hagenes-Jones',40),(472,'Garfield','Swaniawski','ilockman@fay.com','Zulauf PLC',40),(473,'Dell','Hintz','trolfson@yahoo.com','Emmerich-Lubowitz',40),(474,'Frieda','Boyle','gretchen89@jast.com','Kuhn PLC',40),(508,'Sébastien','NOBOUR','sebastien.nobour@gmail.com','SEBATIEN THIBAUT NOBOUR',40),(512,'Sébastien','NOBOUR','sebastien.nobour@gmail.com','SEBASTIEN THIBAUT NOBOUR',40),(523,'Sebastien','Nobour','sebastien.nobour@gmail.com','SEBASTIEN THIBAUT NOBOUR',36);
/*!40000 ALTER TABLE `customer` ENABLE KEYS */;
UNLOCK TABLES;

--
-- Table structure for table `doctrine_migration_versions`
--

DROP TABLE IF EXISTS `doctrine_migration_versions`;
/*!40101 SET @saved_cs_client     = @@character_set_client */;
/*!50503 SET character_set_client = utf8mb4 */;
CREATE TABLE `doctrine_migration_versions` (
  `version` varchar(191) COLLATE utf8_unicode_ci NOT NULL,
  `executed_at` datetime DEFAULT NULL,
  `execution_time` int(11) DEFAULT NULL,
  PRIMARY KEY (`version`)
) ENGINE=InnoDB DEFAULT CHARSET=utf8 COLLATE=utf8_unicode_ci;
/*!40101 SET character_set_client = @saved_cs_client */;

--
-- Dumping data for table `doctrine_migration_versions`
--

LOCK TABLES `doctrine_migration_versions` WRITE;
/*!40000 ALTER TABLE `doctrine_migration_versions` DISABLE KEYS */;
INSERT INTO `doctrine_migration_versions` VALUES ('DoctrineMigrations\\Version20201020162950','2020-10-20 16:30:22',69),('DoctrineMigrations\\Version20201020163439','2020-10-20 16:34:45',105),('DoctrineMigrations\\Version20201020165524','2020-10-20 16:55:34',170),('DoctrineMigrations\\Version20201020170632','2020-10-20 17:06:39',235),('DoctrineMigrations\\Version20201021140616','2020-10-21 14:06:33',182);
/*!40000 ALTER TABLE `doctrine_migration_versions` ENABLE KEYS */;
UNLOCK TABLES;

--
-- Table structure for table `invoice`
--

DROP TABLE IF EXISTS `invoice`;
/*!40101 SET @saved_cs_client     = @@character_set_client */;
/*!50503 SET character_set_client = utf8mb4 */;
CREATE TABLE `invoice` (
  `id` int(11) NOT NULL AUTO_INCREMENT,
  `customer_id` int(11) NOT NULL,
  `amount` double NOT NULL,
  `sent_at` datetime NOT NULL,
  `status` varchar(255) COLLATE utf8mb4_unicode_ci NOT NULL,
  `chrono` int(11) NOT NULL,
  PRIMARY KEY (`id`),
  KEY `IDX_906517449395C3F3` (`customer_id`),
  CONSTRAINT `FK_906517449395C3F3` FOREIGN KEY (`customer_id`) REFERENCES `customer` (`id`)
) ENGINE=InnoDB AUTO_INCREMENT=2476 DEFAULT CHARSET=utf8mb4 COLLATE=utf8mb4_unicode_ci;
/*!40101 SET character_set_client = @saved_cs_client */;

--
-- Dumping data for table `invoice`
--

LOCK TABLES `invoice` WRITE;
/*!40000 ALTER TABLE `invoice` DISABLE KEYS */;
INSERT INTO `invoice` VALUES (1981,385,2292.43,'2020-04-29 14:01:37','CANCELLED',1),(1982,385,1600.32,'2020-08-01 07:44:57','CANCELLED',2),(1983,385,4373.67,'2020-06-21 14:20:17','SENT',3),(1984,385,4324.34,'2020-06-20 03:15:45','CANCELLED',4),(1985,385,2875.18,'2020-06-16 03:33:52','CANCELLED',5),(1986,386,3921.26,'2020-10-14 07:51:30','PAID',6),(1987,386,4847.07,'2020-06-08 12:47:33','PAID',7),(1988,386,3034.19,'2020-10-06 15:23:38','SENT',8),(1989,387,2931.87,'2020-10-11 07:17:54','CANCELLED',9),(1990,387,2273.71,'2020-08-04 23:49:46','PAID',10),(1991,387,4116.65,'2020-05-07 17:47:37','CANCELLED',11),(1992,387,1717.57,'2020-06-22 03:11:31','SENT',12),(1993,388,2933.75,'2020-07-06 12:08:55','SENT',13),(1994,388,2830.95,'2020-04-23 05:01:41','CANCELLED',14),(1995,388,3456.81,'2020-04-27 09:04:50','PAID',15),(1996,388,1569.77,'2020-09-08 19:21:32','SENT',16),(1997,388,4034.19,'2020-10-08 19:09:20','PAID',17),(1998,389,4166.32,'2020-07-23 08:28:34','SENT',18),(1999,389,3641.45,'2020-07-29 22:49:47','CANCELLED',19),(2000,389,2491.45,'2020-10-05 16:43:48','CANCELLED',24),(2001,389,4831.58,'2020-09-22 07:32:43','SENT',21),(2002,389,2601.56,'2020-10-12 01:11:51','SENT',22),(2003,389,2363.54,'2020-09-12 23:21:47','CANCELLED',23),(2004,390,2103.19,'2020-05-17 04:25:09','SENT',24),(2005,390,2510.79,'2020-10-02 02:58:18','SENT',25),(2006,390,4601.87,'2020-07-22 05:18:09','CANCELLED',26),(2007,390,1726.21,'2020-07-05 10:59:23','CANCELLED',27),(2008,390,3331.23,'2020-08-22 13:15:02','SENT',28),(2009,390,2536.44,'2020-07-29 18:46:09','CANCELLED',29),(2010,390,3959.62,'2020-07-23 10:32:04','PAID',30),(2011,390,703.95,'2020-05-22 21:27:02','PAID',31),(2012,390,3580.6,'2020-04-22 13:09:48','PAID',32),(2013,391,1088.11,'2020-07-08 00:01:36','CANCELLED',33),(2014,391,2510.44,'2020-05-09 06:55:33','CANCELLED',34),(2015,391,4737.33,'2020-06-12 03:52:04','SENT',35),(2016,391,4905.81,'2020-09-02 09:10:25','CANCELLED',36),(2017,391,595.34,'2020-07-25 01:52:53','PAID',37),(2018,391,2217.57,'2020-08-24 07:23:58','SENT',38),(2019,392,602.11,'2020-08-16 13:28:00','CANCELLED',39),(2020,392,2113.38,'2020-06-06 01:39:33','PAID',40),(2021,392,3763.37,'2020-07-14 06:41:36','CANCELLED',41),(2022,393,4122.01,'2020-09-13 09:14:49','CANCELLED',42),(2023,393,2860.31,'2020-07-22 02:19:06','CANCELLED',43),(2024,393,3325.89,'2020-09-22 05:19:17','PAID',44),(2025,393,1519.31,'2020-08-28 15:20:47','PAID',45),(2026,393,989.6,'2020-07-05 04:34:34','PAID',46),(2027,393,2848.07,'2020-06-11 20:15:37','PAID',47),(2028,393,2265.25,'2020-09-07 12:24:58','CANCELLED',48),(2029,393,371.14,'2020-08-19 14:54:55','CANCELLED',49),(2030,394,3465.6,'2020-06-10 07:52:37','CANCELLED',50),(2031,394,4535.37,'2020-08-28 03:48:27','PAID',51),(2032,394,2591.02,'2020-07-28 03:05:58','CANCELLED',52),(2033,394,3581.6,'2020-09-17 20:21:36','CANCELLED',53),(2034,394,766.91,'2020-05-11 09:30:24','SENT',54),(2035,394,4519.98,'2020-06-10 22:38:42','PAID',55),(2036,394,4018.54,'2020-06-29 23:20:13','CANCELLED',56),(2037,395,1323.25,'2020-09-28 22:22:03','CANCELLED',57),(2038,395,1721.41,'2020-09-07 21:11:47','PAID',58),(2039,395,3046.16,'2020-07-06 03:38:54','SENT',59),(2040,395,1473.34,'2020-08-10 10:56:43','PAID',60),(2041,395,680.05,'2020-07-19 22:44:01','SENT',61),(2042,395,2403.67,'2020-10-07 00:45:13','PAID',62),(2043,396,4663.75,'2020-07-22 07:39:55','CANCELLED',63),(2044,396,3259.46,'2020-06-01 03:43:02','PAID',64),(2045,396,901.93,'2020-07-14 19:37:44','SENT',65),(2046,396,3239.69,'2020-10-14 01:47:04','CANCELLED',66),(2047,396,3261.6,'2020-08-31 03:00:09','CANCELLED',67),(2048,396,2305.78,'2020-06-20 20:25:27','CANCELLED',68),(2049,397,2065.6,'2020-08-17 07:17:46','SENT',1),(2050,397,3498.16,'2020-08-20 18:24:29','SENT',2),(2051,397,3633.88,'2020-05-27 19:48:09','CANCELLED',3),(2052,397,1403.92,'2020-08-08 20:45:39','SENT',4),(2053,398,2531.27,'2020-06-11 15:54:28','PAID',5),(2054,398,1404.11,'2020-08-10 15:04:45','CANCELLED',6),(2055,398,3276.85,'2020-06-01 04:22:54','PAID',7),(2056,398,1030.69,'2020-05-05 21:16:30','CANCELLED',8),(2057,398,3044.32,'2020-06-03 21:45:01','CANCELLED',9),(2058,399,3947.49,'2020-06-10 09:15:48','SENT',10),(2059,399,1487.79,'2020-06-11 08:37:33','PAID',11),(2060,399,1881.67,'2020-09-16 06:33:36','PAID',12),(2061,399,883.8,'2020-05-28 18:49:38','PAID',13),(2062,400,507.94,'2020-05-21 03:20:09','SENT',14),(2063,400,3680.26,'2020-06-13 15:15:59','PAID',15),(2064,400,1530.15,'2020-09-26 11:41:46','SENT',16),(2065,400,2652.42,'2020-06-04 23:10:41','SENT',17),(2066,400,1223.62,'2020-07-21 15:38:18','PAID',18),(2067,400,3535.74,'2020-10-14 12:29:53','PAID',19),(2068,400,4910.2,'2020-06-30 21:15:56','PAID',20),(2069,400,3340.99,'2020-07-27 17:57:22','SENT',21),(2070,401,813.17,'2020-10-20 16:16:12','CANCELLED',22),(2071,401,4983.6,'2020-04-21 02:39:18','SENT',23),(2072,401,1960.91,'2020-09-19 11:59:24','PAID',24),(2073,401,4032.84,'2020-04-26 04:06:50','SENT',25),(2074,402,261.84,'2020-09-06 19:59:22','PAID',26),(2075,402,4782.95,'2020-07-26 16:30:51','SENT',27),(2076,402,355.72,'2020-05-20 21:49:36','SENT',28),(2077,402,1448.66,'2020-08-05 18:03:22','PAID',29),(2078,402,2082.56,'2020-07-09 19:14:27','CANCELLED',30),(2079,403,3552.19,'2020-06-29 22:22:27','PAID',31),(2080,403,4759.39,'2020-09-10 22:12:57','CANCELLED',32),(2081,403,1098.22,'2020-10-08 02:38:46','CANCELLED',33),(2082,403,1928.01,'2020-06-08 19:31:47','CANCELLED',34),(2083,404,4312.18,'2020-05-05 13:25:31','SENT',35),(2084,404,1302.69,'2020-07-28 14:47:30','SENT',36),(2085,404,3697.35,'2020-08-30 20:41:35','CANCELLED',37),(2086,404,1434.25,'2020-10-05 07:58:38','CANCELLED',38),(2087,404,2856.43,'2020-10-02 12:39:47','PAID',39),(2088,405,3971.58,'2020-07-26 23:39:21','CANCELLED',40),(2089,405,4302.11,'2020-10-20 12:33:34','CANCELLED',41),(2090,405,3023.7,'2020-09-17 09:09:54','SENT',42),(2091,406,4821.48,'2020-10-07 05:22:51','CANCELLED',43),(2092,406,2209.67,'2020-08-04 23:28:23','PAID',44),(2093,406,2084.71,'2020-09-11 20:28:53','PAID',45),(2094,406,1374.38,'2020-06-05 11:39:20','PAID',46),(2095,406,3711.84,'2020-09-04 07:01:40','SENT',47),(2096,407,855.26,'2020-08-13 19:57:59','SENT',1),(2097,407,1041.77,'2020-08-05 17:08:28','PAID',2),(2098,407,1203.9,'2020-07-04 07:26:46','PAID',3),(2099,407,2376.9,'2020-06-26 16:35:37','PAID',4),(2100,408,1758.49,'2020-10-11 05:18:11','CANCELLED',5),(2101,408,972.03,'2020-06-05 20:17:35','PAID',6),(2102,408,2574.53,'2020-06-17 23:12:16','SENT',7),(2103,408,3125.47,'2020-05-29 08:40:26','CANCELLED',8),(2104,408,4458.72,'2020-06-11 14:34:54','PAID',9),(2105,409,3810.59,'2020-07-27 03:09:23','CANCELLED',10),(2106,409,1782.45,'2020-09-28 19:09:04','PAID',11),(2107,409,3041.36,'2020-08-01 23:16:57','SENT',12),(2108,409,4403.85,'2020-06-11 19:19:13','SENT',13),(2110,410,2763.53,'2020-08-23 15:12:51','SENT',15),(2111,410,2400.18,'2020-09-19 22:50:13','CANCELLED',16),(2112,410,3163.32,'2020-06-21 21:00:28','PAID',17),(2113,410,2531.55,'2020-09-09 20:58:45','PAID',18),(2114,410,4511.75,'2020-05-18 09:19:18','CANCELLED',19),(2115,410,2378.97,'2020-08-28 22:00:22','SENT',20),(2116,410,1726.94,'2020-09-21 17:49:24','CANCELLED',21),(2117,411,4658.08,'2020-05-14 18:03:00','SENT',22),(2118,411,4737.89,'2020-06-17 11:41:31','PAID',23),(2119,411,3177.96,'2020-05-04 05:17:05','CANCELLED',24),(2120,411,4869.88,'2020-08-02 03:56:55','SENT',25),(2121,412,4324.73,'2020-07-30 16:14:48','PAID',26),(2122,412,2259.53,'2020-08-31 05:09:27','PAID',27),(2123,412,1028.34,'2020-08-08 22:41:10','SENT',28),(2124,412,2866.63,'2020-08-07 10:46:04','CANCELLED',29),(2125,412,4166.9,'2020-09-21 22:59:23','SENT',30),(2126,412,2716.59,'2020-04-20 23:04:00','SENT',31),(2127,413,517.34,'2020-07-02 03:28:52','SENT',32),(2128,413,1957.45,'2020-09-07 05:57:28','CANCELLED',33),(2129,413,4794.22,'2020-05-17 00:49:24','PAID',34),(2130,413,338.37,'2020-09-21 23:19:41','SENT',35),(2131,413,2664.29,'2020-09-09 00:43:47','SENT',36),(2132,413,3888.23,'2020-09-09 23:48:13','SENT',37),(2133,414,3161.63,'2020-07-11 08:14:45','CANCELLED',38),(2134,414,1373.78,'2020-05-29 10:09:09','CANCELLED',39),(2135,414,4876.99,'2020-08-08 19:35:10','PAID',40),(2136,414,1508.87,'2020-05-01 00:14:47','PAID',41),(2137,415,4602.46,'2020-06-29 14:02:13','SENT',42),(2138,415,1230.74,'2020-08-31 12:19:44','SENT',43),(2139,415,4360.24,'2020-06-05 22:47:58','PAID',44),(2140,415,4995.63,'2020-07-27 04:53:56','CANCELLED',45),(2141,415,3473.27,'2020-08-27 11:51:20','CANCELLED',46),(2142,416,4357.35,'2020-07-04 03:43:46','SENT',47),(2143,416,2136.84,'2020-10-01 12:20:54','PAID',48),(2144,416,1407.92,'2020-09-11 06:28:54','SENT',49),(2145,416,1976.04,'2020-09-14 01:12:04','PAID',50),(2146,416,2103.29,'2020-08-10 10:53:38','SENT',51),(2147,416,3452.17,'2020-08-03 21:17:55','CANCELLED',52),(2148,417,2325.91,'2020-05-13 19:03:48','PAID',53),(2149,417,4583.17,'2020-05-11 17:00:05','SENT',54),(2150,417,1928.4,'2020-07-10 19:06:27','SENT',55),(2151,417,3075.46,'2020-08-27 14:13:07','SENT',56),(2152,417,4272.47,'2020-05-29 00:04:40','PAID',57),(2153,418,3550.42,'2020-07-08 06:07:35','SENT',1),(2154,418,2215.01,'2020-08-25 14:27:16','PAID',2),(2155,418,4712.22,'2020-05-24 19:49:52','CANCELLED',3),(2156,418,4508.93,'2020-05-10 20:43:57','SENT',4),(2157,418,1340.46,'2020-08-01 10:03:22','PAID',5),(2158,418,3181.7,'2020-08-20 20:48:20','CANCELLED',6),(2159,418,4363.63,'2020-06-01 16:44:50','SENT',7),(2160,419,1812.39,'2020-05-25 17:12:55','CANCELLED',8),(2161,419,2587.69,'2020-08-21 02:18:33','PAID',9),(2162,419,1711.57,'2020-06-04 19:57:19','PAID',10),(2163,420,2558.32,'2020-07-31 05:39:16','PAID',11),(2164,420,3731.05,'2020-09-03 07:44:42','SENT',12),(2165,420,1266.8,'2020-09-12 16:06:28','SENT',13),(2166,420,326.33,'2020-08-29 10:18:09','PAID',14),(2167,420,3290.95,'2020-09-25 18:25:58','PAID',15),(2168,420,351.18,'2020-07-23 18:19:33','SENT',16),(2169,420,702.27,'2020-10-01 13:44:12','SENT',17),(2170,421,3803.79,'2020-04-22 06:17:43','SENT',18),(2171,421,2949.85,'2020-05-08 07:52:24','PAID',19),(2172,421,4890.99,'2020-09-16 21:42:51','CANCELLED',20),(2173,421,3183.72,'2020-08-13 00:27:37','PAID',21),(2174,422,3401.67,'2020-10-07 09:58:05','CANCELLED',22),(2176,422,3103.35,'2020-07-29 11:49:05','PAID',24),(2177,423,3094.49,'2020-05-19 17:13:55','SENT',25),(2178,423,2900.77,'2020-07-11 08:50:04','CANCELLED',26),(2179,423,3089.88,'2020-08-02 19:26:41','SENT',27),(2180,423,4087.6,'2020-09-17 15:34:49','CANCELLED',28),(2181,423,3527.06,'2020-05-18 21:44:11','PAID',29),(2182,424,3503.4,'2020-05-10 17:31:53','PAID',30),(2183,424,534.28,'2020-06-17 17:49:43','CANCELLED',31),(2184,424,3321.27,'2020-05-21 00:33:07','CANCELLED',32),(2185,425,1821.82,'2020-05-16 22:44:56','PAID',1),(2186,425,549.46,'2020-05-24 07:43:59','SENT',2),(2187,425,2700.78,'2020-06-12 17:41:02','PAID',3),(2188,425,4421.83,'2020-08-30 14:46:54','CANCELLED',4),(2189,425,4428.31,'2020-05-17 20:26:22','SENT',5),(2190,426,1159.37,'2020-06-04 03:24:55','SENT',6),(2191,426,1183.33,'2020-05-29 22:08:37','CANCELLED',7),(2192,426,3511.12,'2020-06-17 21:48:55','CANCELLED',8),(2193,426,3964.77,'2020-05-07 13:04:26','CANCELLED',9),(2194,426,3736.91,'2020-06-17 19:56:22','CANCELLED',10),(2195,426,3827.73,'2020-07-20 15:04:40','SENT',11),(2196,427,605.21,'2020-07-18 18:24:11','CANCELLED',12),(2197,427,2445.47,'2020-09-08 22:31:40','SENT',13),(2198,427,1622.34,'2020-08-17 12:33:33','CANCELLED',14),(2199,428,3952.98,'2020-05-17 14:56:53','SENT',15),(2200,428,4857.32,'2020-09-03 05:57:25','CANCELLED',16),(2201,428,4995.45,'2020-08-14 09:01:25','PAID',17),(2202,428,2969.81,'2020-08-21 22:46:54','CANCELLED',18),(2203,428,3721.78,'2020-07-24 15:05:06','PAID',19),(2204,429,3933.51,'2020-08-29 00:46:52','CANCELLED',20),(2205,429,2285.93,'2020-08-03 19:13:17','SENT',21),(2206,429,1157.58,'2020-07-12 06:52:29','CANCELLED',22),(2207,429,4649.16,'2020-09-28 03:10:52','SENT',23),(2208,429,3744.55,'2020-07-13 18:50:08','CANCELLED',24),(2209,429,3366.37,'2020-05-12 04:32:50','PAID',25),(2210,429,1601.09,'2020-08-22 15:33:21','PAID',26),(2211,429,1342.28,'2020-10-15 17:10:10','SENT',27),(2212,430,3140.78,'2020-10-07 15:24:02','PAID',28),(2213,430,2871.49,'2020-04-27 11:30:29','PAID',29),(2214,430,690.5,'2020-08-18 18:38:31','CANCELLED',30),(2215,430,1412.23,'2020-07-15 04:49:06','CANCELLED',31),(2216,430,3531.14,'2020-07-31 07:01:01','PAID',32),(2217,431,2041.67,'2020-09-02 12:04:53','SENT',33),(2218,431,4284.53,'2020-06-19 13:28:02','PAID',34),(2219,431,4138.17,'2020-06-10 03:04:04','SENT',35),(2220,431,1210.12,'2020-09-17 05:42:07','PAID',36),(2221,431,2844.39,'2020-05-26 20:56:49','PAID',37),(2222,431,1189.15,'2020-06-27 22:51:57','CANCELLED',38),(2223,432,1006.1,'2020-05-07 17:05:49','CANCELLED',39),(2224,432,2435.27,'2020-09-09 03:36:08','CANCELLED',40),(2225,432,1015.55,'2020-05-13 06:31:55','CANCELLED',41),(2226,432,4520.48,'2020-09-20 11:11:59','SENT',42),(2227,432,1538.73,'2020-08-13 06:21:55','SENT',43),(2228,432,4817.26,'2020-04-28 18:50:27','PAID',44),(2229,432,1211.56,'2020-07-10 04:14:56','CANCELLED',45),(2230,432,4061.41,'2020-08-31 15:27:43','CANCELLED',46),(2231,433,2175.85,'2020-05-09 18:06:10','SENT',47),(2232,433,2281.55,'2020-08-27 14:42:38','PAID',48),(2233,433,4775.87,'2020-08-06 10:05:28','SENT',49),(2234,433,627.4,'2020-08-09 00:04:46','PAID',50),(2235,433,2938.23,'2020-05-19 20:25:12','SENT',51),(2236,434,3303.42,'2020-07-31 06:36:18','PAID',52),(2237,434,4518.87,'2020-08-17 18:56:42','SENT',53),(2238,434,462.61,'2020-10-16 11:39:00','SENT',54),(2239,434,3748.43,'2020-06-08 16:19:08','PAID',55),(2240,434,797.76,'2020-07-03 11:18:33','SENT',56),(2241,434,4420.06,'2020-05-18 06:24:45','PAID',57),(2242,434,994.22,'2020-08-13 07:09:06','SENT',58),(2243,435,3695.18,'2020-07-30 06:57:53','CANCELLED',1),(2244,435,3605.9,'2020-05-06 08:59:22','PAID',2),(2245,435,1100.89,'2020-04-30 09:28:37','SENT',3),(2246,435,3593.73,'2020-08-27 23:24:21','CANCELLED',4),(2247,435,4965.53,'2020-06-15 09:55:30','CANCELLED',5),(2248,436,361.23,'2020-08-04 20:20:24','CANCELLED',6),(2249,436,785.13,'2020-09-25 06:00:34','PAID',7),(2250,436,650.78,'2020-07-25 20:45:05','CANCELLED',8),(2251,436,2885.46,'2020-08-18 17:04:15','SENT',9),(2252,436,4957.04,'2020-08-07 11:51:12','SENT',10),(2253,437,1512.71,'2020-05-06 22:42:52','SENT',11),(2254,437,2901.31,'2020-10-02 07:04:16','CANCELLED',12),(2255,437,2387.13,'2020-10-16 23:26:59','CANCELLED',13),(2256,437,2930.41,'2020-08-01 09:32:47','PAID',14),(2257,437,4888.49,'2020-08-16 07:38:29','SENT',15),(2258,437,1285.71,'2020-07-07 06:05:49','PAID',16),(2259,437,3726.72,'2020-10-08 04:08:30','CANCELLED',17),(2260,437,305.58,'2020-08-16 15:38:27','CANCELLED',18),(2261,437,2145.19,'2020-08-31 23:29:35','CANCELLED',19),(2262,438,4549.44,'2020-10-10 10:59:51','PAID',20),(2263,438,724.94,'2020-08-15 05:26:19','CANCELLED',21),(2265,438,4513.09,'2020-06-22 20:55:34','PAID',23),(2266,438,4762.86,'2020-05-18 07:36:09','CANCELLED',24),(2267,438,3291.85,'2020-05-01 23:36:01','SENT',25),(2268,439,1169.78,'2020-06-12 08:33:02','SENT',26),(2269,439,2159.88,'2020-05-06 07:17:31','SENT',27),(2270,439,2229.05,'2020-09-09 18:57:17','SENT',28),(2271,439,1837.62,'2020-09-09 13:29:04','SENT',29),(2272,439,1424.86,'2020-08-13 05:41:55','PAID',30),(2273,440,605.41,'2020-04-30 00:10:36','CANCELLED',31),(2274,440,1727.97,'2020-08-25 13:42:27','PAID',32),(2275,440,3706.91,'2020-10-13 17:33:42','PAID',33),(2276,441,1869.95,'2020-06-24 02:29:43','CANCELLED',34),(2277,441,4925.68,'2020-05-14 06:04:15','CANCELLED',35),(2278,441,4347.16,'2020-08-14 21:46:16','SENT',36),(2279,441,3398.49,'2020-09-26 02:15:31','SENT',37),(2280,442,1665.05,'2020-06-12 13:14:32','PAID',38),(2281,442,3675.41,'2020-08-13 11:34:46','PAID',39),(2282,442,975.04,'2020-07-29 10:48:33','PAID',40),(2283,442,3617.02,'2020-07-04 12:54:50','SENT',41),(2284,442,4031.08,'2020-10-08 12:53:21','CANCELLED',42),(2285,442,549.97,'2020-06-29 17:18:04','SENT',43),(2286,442,1991.66,'2020-05-20 10:30:42','SENT',44),(2287,443,4449.84,'2020-04-30 05:05:59','PAID',1),(2288,443,1270.97,'2020-06-18 22:23:50','CANCELLED',2),(2289,443,3382.12,'2020-06-10 22:07:23','SENT',3),(2290,443,1547.95,'2020-05-24 18:00:04','PAID',4),(2291,443,722.89,'2020-04-28 05:12:33','SENT',5),(2292,444,1042.09,'2020-08-20 01:32:58','PAID',6),(2293,444,4716.99,'2020-07-30 07:15:27','PAID',7),(2294,444,2289.37,'2020-10-13 11:17:47','SENT',8),(2295,445,2158.39,'2020-05-02 23:56:45','PAID',9),(2296,445,628.44,'2020-10-14 01:36:08','CANCELLED',10),(2297,445,398.89,'2020-05-25 12:55:34','CANCELLED',11),(2298,445,3655.94,'2020-09-17 01:51:50','SENT',12),(2299,446,2212.97,'2020-05-17 15:03:23','SENT',13),(2300,446,3582.43,'2020-07-26 10:45:21','PAID',14),(2301,446,276.91,'2020-08-02 19:06:00','CANCELLED',15),(2302,446,3228.11,'2020-09-26 06:32:42','SENT',16),(2303,446,282.67,'2020-08-09 17:08:38','PAID',17),(2304,446,4448.37,'2020-08-10 11:24:40','PAID',18),(2305,447,1152.07,'2020-07-14 01:56:24','CANCELLED',19),(2306,447,867.17,'2020-06-02 14:04:49','CANCELLED',20),(2307,447,4853.4,'2020-10-05 23:28:29','PAID',21),(2308,447,4515.31,'2020-06-27 14:40:05','PAID',22),(2309,448,944.26,'2020-10-04 21:20:10','SENT',23),(2310,448,1704.57,'2020-06-12 14:50:27','CANCELLED',24),(2311,448,2509.23,'2020-04-25 07:36:32','SENT',25),(2312,448,4945.42,'2020-09-21 02:08:49','SENT',26),(2313,448,2324.71,'2020-10-04 20:03:58','SENT',27),(2314,449,847.73,'2020-09-08 02:15:28','PAID',1),(2315,449,2096.54,'2020-06-15 19:48:20','CANCELLED',2),(2316,449,2097.7,'2020-04-21 08:34:32','SENT',3),(2317,449,3946.89,'2020-08-08 14:34:04','PAID',4),(2318,449,1135.69,'2020-09-24 04:32:17','PAID',5),(2319,450,787.79,'2020-05-02 17:30:34','CANCELLED',6),(2320,450,4054.47,'2020-05-18 17:28:21','SENT',7),(2321,450,1820.72,'2020-04-24 09:58:44','PAID',8),(2322,450,2132.3,'2020-05-23 09:12:19','SENT',9),(2323,451,2416.26,'2020-05-31 19:11:56','SENT',10),(2324,451,2797.29,'2020-05-01 10:00:13','SENT',11),(2325,451,1633.46,'2020-10-06 15:43:20','PAID',12),(2326,451,2898.92,'2020-06-03 13:08:01','SENT',13),(2327,452,4569.85,'2020-09-24 23:42:21','PAID',14),(2328,452,4033.4,'2020-07-21 15:02:17','SENT',15),(2329,452,3236.95,'2020-08-26 13:12:31','CANCELLED',16),(2330,452,2656.58,'2020-10-13 12:42:58','PAID',17),(2331,452,3380.6,'2020-05-25 22:24:10','PAID',18),(2332,453,2061.02,'2020-09-03 07:50:08','SENT',19),(2333,453,1264.46,'2020-08-07 23:18:19','CANCELLED',20),(2334,453,1510.62,'2020-09-17 22:24:17','SENT',21),(2335,453,3214.23,'2020-09-18 03:59:14','CANCELLED',22),(2336,453,4163.76,'2020-09-29 01:53:21','PAID',23),(2337,454,3893.7,'2020-08-10 08:17:23','SENT',24),(2338,454,1554.12,'2020-08-03 14:50:26','SENT',25),(2339,454,3275.76,'2020-06-22 22:01:31','SENT',26),(2340,454,1477.6,'2020-05-18 04:41:54','CANCELLED',27),(2341,455,1445.55,'2020-07-16 13:30:14','PAID',28),(2342,455,3936.9,'2020-04-29 11:05:33','CANCELLED',29),(2343,455,2808.49,'2020-06-23 10:46:40','SENT',30),(2344,455,2215.36,'2020-09-17 01:12:55','CANCELLED',31),(2345,455,1753.6,'2020-05-20 06:39:02','SENT',32),(2346,455,1912.66,'2020-10-09 00:09:34','SENT',33),(2347,455,305.29,'2020-09-12 09:12:53','PAID',34),(2348,456,4571.77,'2020-07-19 13:20:37','PAID',35),(2349,456,4747.02,'2020-08-18 02:05:05','PAID',36),(2350,456,4919.1,'2020-10-01 20:42:34','SENT',37),(2351,456,328.51,'2020-08-04 22:03:40','PAID',38),(2352,456,2995.14,'2020-09-19 23:21:25','PAID',39),(2353,456,582.73,'2020-05-09 11:45:24','PAID',40),(2354,457,3686.5,'2020-05-28 09:43:00','PAID',1),(2355,457,4504.59,'2020-08-16 01:26:14','PAID',2),(2356,457,4830.33,'2020-05-05 20:34:57','SENT',3),(2357,457,4051.05,'2020-07-29 00:57:10','SENT',4),(2358,457,1515.56,'2020-10-20 13:40:02','CANCELLED',5),(2359,457,1901.13,'2020-06-26 02:28:36','CANCELLED',6),(2361,457,638.39,'2020-08-10 04:41:01','PAID',8),(2362,458,626.96,'2020-05-14 03:43:59','PAID',9),(2363,458,2963.32,'2020-05-06 17:49:52','PAID',10),(2364,458,428.42,'2020-07-18 01:40:54','CANCELLED',11),(2365,458,2628.51,'2020-05-04 00:47:05','CANCELLED',12),(2366,458,526.81,'2020-08-22 08:51:19','SENT',13),(2367,458,1410.63,'2020-04-27 00:00:20','SENT',14),(2368,458,3526.78,'2020-04-25 06:38:39','CANCELLED',15),(2369,458,281.8,'2020-05-04 07:03:53','CANCELLED',16),(2370,459,633.82,'2020-06-07 18:56:45','PAID',17),(2371,459,2732.73,'2020-08-05 20:50:33','CANCELLED',18),(2372,459,1984.82,'2020-08-19 17:16:57','PAID',19),(2373,459,4339.17,'2020-09-24 14:16:31','SENT',20),(2374,459,4381.93,'2020-07-27 00:25:11','SENT',21),(2375,459,260.71,'2020-09-28 13:56:12','PAID',22),(2376,459,3028.16,'2020-05-04 19:11:06','CANCELLED',23),(2377,460,4810.51,'2020-04-28 12:04:28','SENT',24),(2378,460,540.68,'2020-06-03 15:34:43','CANCELLED',25),(2379,460,405.8,'2020-10-15 08:34:48','PAID',26),(2380,460,1640.34,'2020-08-26 14:26:05','PAID',27),(2381,460,3540.69,'2020-05-05 08:48:17','SENT',28),(2382,460,974.89,'2020-09-10 07:28:59','SENT',29),(2383,460,1718.06,'2020-06-27 06:01:35','SENT',30),(2384,460,388.23,'2020-06-23 03:45:12','CANCELLED',31),(2385,461,4280.81,'2020-06-04 18:12:07','SENT',32),(2386,461,1006.53,'2020-09-20 01:18:32','CANCELLED',33),(2387,461,1766.3,'2020-05-31 02:51:27','CANCELLED',34),(2388,461,3329.66,'2020-10-14 01:08:20','SENT',35),(2389,461,835.49,'2020-08-14 18:40:49','SENT',36),(2390,462,4681.65,'2020-09-21 09:17:22','SENT',37),(2391,462,3798.31,'2020-09-26 04:03:29','CANCELLED',38),(2392,462,1384.48,'2020-08-13 15:49:46','PAID',39),(2393,463,2461.07,'2020-06-19 21:55:04','CANCELLED',40),(2394,463,1712.23,'2020-08-15 14:56:55','CANCELLED',41),(2395,463,3640.4,'2020-09-07 02:57:23','CANCELLED',42),(2396,463,3446.32,'2020-04-26 03:50:05','CANCELLED',43),(2397,463,1242.36,'2020-07-01 00:45:43','CANCELLED',44),(2398,463,2289.81,'2020-08-15 22:36:56','PAID',45),(2399,463,772.25,'2020-05-01 05:04:03','SENT',46),(2400,464,3266.48,'2020-07-05 02:34:25','CANCELLED',47),(2401,464,3979.85,'2020-05-16 04:37:44','PAID',48),(2402,464,2888.74,'2020-05-13 07:22:49','SENT',49),(2403,464,3299.08,'2020-06-25 22:43:19','SENT',50),(2404,464,1475.16,'2020-05-07 00:36:52','SENT',51),(2405,465,804.05,'2020-04-23 21:25:01','PAID',52),(2406,465,1923.08,'2020-09-16 05:50:57','PAID',53),(2407,465,4539.55,'2020-07-28 03:44:04','SENT',54),(2408,466,3731.3,'2020-10-09 16:30:04','CANCELLED',1),(2409,466,1029.72,'2020-06-16 07:47:23','PAID',2),(2410,466,3780.09,'2020-09-17 12:02:05','SENT',3),(2411,466,3435,'2020-07-05 12:53:09','PAID',4),(2412,467,3663.82,'2020-09-11 22:55:32','PAID',5),(2413,467,1083.18,'2020-10-11 01:52:41','SENT',6),(2414,467,2398.28,'2020-06-21 00:19:58','PAID',7),(2415,468,1490.58,'2020-05-25 11:43:14','SENT',8),(2416,468,4320.15,'2020-09-30 09:51:45','CANCELLED',9),(2417,468,3183.83,'2020-09-26 23:48:07','PAID',10),(2418,468,1320.32,'2020-08-14 11:15:30','SENT',11),(2419,468,3816.67,'2020-07-15 14:23:02','SENT',12),(2420,468,1448.41,'2020-05-08 19:44:16','CANCELLED',13),(2421,468,4705.68,'2020-05-02 20:23:28','CANCELLED',14),(2422,469,4951.92,'2020-05-22 17:52:05','CANCELLED',15),(2423,469,2266.69,'2020-09-24 14:12:56','SENT',16),(2424,469,3423.55,'2020-06-25 16:46:41','SENT',17),(2425,469,1783.37,'2020-08-26 16:08:29','SENT',18),(2426,469,2156.84,'2020-08-21 12:16:31','SENT',19),(2427,470,3139.5,'2020-05-09 08:00:12','PAID',20),(2428,470,4193.9,'2020-05-26 04:17:46','SENT',21),(2429,470,1709.33,'2020-04-23 04:21:12','PAID',22),(2430,470,4771.82,'2020-05-06 10:12:21','CANCELLED',23),(2431,471,4912.97,'2020-09-09 09:21:09','CANCELLED',24),(2432,471,373.33,'2020-07-14 06:49:46','PAID',25),(2433,471,2465.65,'2020-05-26 20:10:52','CANCELLED',26),(2434,471,447.32,'2020-05-03 08:56:59','CANCELLED',27),(2435,472,2470.53,'2020-06-12 09:56:44','CANCELLED',28),(2436,472,369.54,'2020-05-10 09:46:59','CANCELLED',29),(2437,472,1153.99,'2020-09-30 02:10:26','CANCELLED',30),(2438,473,353.1,'2020-08-22 21:45:38','PAID',31),(2439,473,4868.38,'2020-07-06 09:42:31','CANCELLED',32),(2440,473,356.41,'2020-07-25 09:21:15','PAID',33),(2441,473,1464.49,'2020-10-19 15:34:49','SENT',34),(2442,473,2997.89,'2020-06-07 15:36:29','SENT',35),(2443,473,282.43,'2020-08-30 10:42:30','CANCELLED',36),(2444,473,4242.6,'2020-08-24 12:46:29','CANCELLED',37),(2445,474,1196.49,'2020-07-05 15:38:55','PAID',38),(2446,474,623.01,'2020-05-21 05:36:18','CANCELLED',39),(2447,474,3609.18,'2020-05-18 03:15:20','PAID',40),(2448,474,967.1,'2020-07-29 04:42:54','PAID',41),(2449,474,2728.75,'2020-05-02 00:42:40','SENT',42),(2450,474,3109.81,'2020-05-21 15:42:02','SENT',43),(2451,467,3333,'2020-08-23 00:00:00','SENT',1),(2452,467,500,'2020-09-02 00:00:00','SENT',1),(2453,467,500,'2020-09-02 00:00:00','SENT',1),(2454,467,500,'2020-09-02 00:00:00','SENT',1),(2455,467,500,'2020-09-02 00:00:00','SENT',1),(2456,467,500,'2020-09-02 00:00:00','SENT',1),(2457,467,500,'2020-09-02 00:00:00','SENT',1),(2458,467,500,'2020-09-02 00:00:00','SENT',1),(2459,467,500,'2020-09-02 00:00:00','SENT',44),(2460,467,500,'2020-09-02 00:00:00','SENT',45),(2461,467,500,'2020-10-21 21:01:47','SENT',46),(2462,436,500,'2020-10-23 17:50:22','PAID',45),(2463,439,10,'2020-10-23 17:55:09','CANCELLED',46),(2464,435,50000,'2020-10-23 17:57:55','SENT',47),(2465,435,500,'2020-10-23 17:58:09','SENT',48),(2466,435,5000000,'2020-10-23 17:58:49','SENT',49),(2467,435,100,'2020-10-23 18:06:17','SENT',50),(2468,435,0,'2020-10-23 18:26:05','SENT',51),(2469,435,0,'2020-10-24 11:50:32','SENT',52),(2470,439,0,'2020-10-24 11:52:01','SENT',53),(2471,435,0,'2020-10-24 11:53:53','SENT',54),(2472,435,0,'2020-10-24 11:54:21','SENT',55),(2473,435,0,'2020-10-24 11:57:41','SENT',56),(2474,435,0,'2020-10-24 11:58:06','SENT',57);
/*!40000 ALTER TABLE `invoice` ENABLE KEYS */;
UNLOCK TABLES;

--
-- Table structure for table `user`
--

DROP TABLE IF EXISTS `user`;
/*!40101 SET @saved_cs_client     = @@character_set_client */;
/*!50503 SET character_set_client = utf8mb4 */;
CREATE TABLE `user` (
  `id` int(11) NOT NULL AUTO_INCREMENT,
  `email` varchar(180) COLLATE utf8mb4_unicode_ci NOT NULL,
  `roles` json NOT NULL,
  `password` varchar(255) COLLATE utf8mb4_unicode_ci NOT NULL,
  `first_name` varchar(255) COLLATE utf8mb4_unicode_ci NOT NULL,
  `last_name` varchar(255) COLLATE utf8mb4_unicode_ci NOT NULL,
  PRIMARY KEY (`id`),
  UNIQUE KEY `UNIQ_8D93D649E7927C74` (`email`)
) ENGINE=InnoDB AUTO_INCREMENT=66 DEFAULT CHARSET=utf8mb4 COLLATE=utf8mb4_unicode_ci;
/*!40101 SET character_set_client = @saved_cs_client */;

--
-- Dumping data for table `user`
--

LOCK TABLES `user` WRITE;
/*!40000 ALTER TABLE `user` DISABLE KEYS */;
INSERT INTO `user` VALUES (31,'ymcdermott@swaniawski.info','[]','$argon2i$v=19$m=65536,t=4,p=1$VEdNREFrMWxTR0J3Z3BucA$yIE51EBhWMh+/twUUBg0wBWHdY9FDgrs+4A4e5XwruU','Mohammad','Farrell'),(32,'fborer@yahoo.com','[]','$argon2i$v=19$m=65536,t=4,p=1$VXpGa0M5UVdZZjUvSC9WNA$O9CvxKYXHFDX1BaNcbP3MvfaV1tqXc6QWsKyoTY2pfk','Abagail','Huels'),(33,'wuckert.ladarius@kuhic.net','[]','$argon2i$v=19$m=65536,t=4,p=1$YWl4RkV0R3JFUHZOM25idw$oP6Oucu3qd53ABXwQHibhEo7WHKL68DXIMeYLNebxu4','Adela','Dare'),(34,'justina39@yahoo.com','[]','$argon2i$v=19$m=65536,t=4,p=1$US84RTkyNjZPcUpLTVpLUw$1lAMICCUlbVqSo42PkY6fauzKOzJ5G6MdhGladSL1SY','Keenan','Douglas'),(35,'anabelle.bartoletti@yahoo.com','[]','$argon2i$v=19$m=65536,t=4,p=1$Q2ouZndsbklTMTJJUlhBSA$ruV77mJ4bHGCob57vPCFhOU64nGhh6xr2cqFAT/qLFw','Damien','Tromp'),(36,'test@sym.com','[]','$argon2i$v=19$m=65536,t=4,p=1$SGIxNlE0NU0uZ0JkVVAxYg$+Yl0AUxfRnlSqfgQioxmNiKYzdOpnaXomcIah+k1KzU','Libbie','Jast'),(37,'mavis.schmidt@hotmail.com','[]','$argon2i$v=19$m=65536,t=4,p=1$RkFad2ZCckpXMUxWLi9Mag$NWbRJaIER/4EQj5Zxf04LH8NHp1BrXE3pix20X9YCiM','Andreane','Mante'),(38,'hreichel@wisoky.info','[]','$argon2i$v=19$m=65536,t=4,p=1$T00vN3Q2bkN6UEhoUnZHOQ$2IrBIbIBLG/1jrXT9e77O1D1FgjGkZigYkFbYLY2XaQ','Kailyn','O\'Conner'),(39,'bauch.kaley@wilderman.com','[]','$argon2i$v=19$m=65536,t=4,p=1$a0UxbXRzRS92MlVsYUJiVQ$rHBsFkpvuMBhchLBfwItFBRh8/hL23Pt5a8AiTF1pko','Beaulah','Miller'),(40,'larue16@gmail.com','[]','$argon2i$v=19$m=65536,t=4,p=1$dXVNbDRLcGF4ZzQxazB1cg$X6y9mdhlO62abTH8uBXFi8yU+AH3gLvL7stvHt3RRI0','Aileen','Cummerata');
/*!40000 ALTER TABLE `user` ENABLE KEYS */;
UNLOCK TABLES;
/*!40103 SET TIME_ZONE=@OLD_TIME_ZONE */;

/*!40101 SET SQL_MODE=@OLD_SQL_MODE */;
/*!40014 SET FOREIGN_KEY_CHECKS=@OLD_FOREIGN_KEY_CHECKS */;
/*!40014 SET UNIQUE_CHECKS=@OLD_UNIQUE_CHECKS */;
/*!40101 SET CHARACTER_SET_CLIENT=@OLD_CHARACTER_SET_CLIENT */;
/*!40101 SET CHARACTER_SET_RESULTS=@OLD_CHARACTER_SET_RESULTS */;
/*!40101 SET COLLATION_CONNECTION=@OLD_COLLATION_CONNECTION */;
/*!40111 SET SQL_NOTES=@OLD_SQL_NOTES */;

-- Dump completed on 2020-10-25 15:42:34
